{
	"format_version": "1.8.0",
	"animations": {
		"animation.eyebat.flight": {
			"loop": true,
			"animation_length": 2,
			"bones": {
				"root": {
					"rotation": {
						"0.0": {
							"post": [
								15,
								0,
								0
							],
							"lerp_mode": "catmullrom"
						},
						"0.5833": {
							"post": [
								19.78,
								0,
								0
							],
							"lerp_mode": "catmullrom"
						},
						"0.8333": {
							"post": [
								25,
								0,
								0
							],
							"lerp_mode": "catmullrom"
						},
						"1.2083": {
							"post": [
								13.75,
								0,
								0
							],
							"lerp_mode": "catmullrom"
						},
						"1.5": {
							"post": [
								2.5,
								0,
								0
							],
							"lerp_mode": "catmullrom"
						},
						"1.7917": {
							"post": [
								9.32,
								0,
								0
							],
							"lerp_mode": "catmullrom"
						},
						"2.0": {
							"post": [
								15,
								0,
								0
							],
							"lerp_mode": "catmullrom"
						}
					},
					"position": {
						"0.0": {
							"post": [
								0,
								0,
								0
							],
							"lerp_mode": "catmullrom"
						},
						"0.5833": {
							"post": [
								0,
								-0.96,
								0
							],
							"lerp_mode": "catmullrom"
						},
						"0.8333": {
							"post": [
								0,
								-2,
								0
							],
							"lerp_mode": "catmullrom"
						},
						"1.2083": {
							"post": [
								0,
								-0.5,
								0
							],
							"lerp_mode": "catmullrom"
						},
						"1.5": {
							"post": [
								0,
								1,
								0
							],
							"lerp_mode": "catmullrom"
						},
						"1.7917": {
							"post": [
								0,
								0.45,
								0
							],
							"lerp_mode": "catmullrom"
						},
						"2.0": {
							"post": [
								0,
								0,
								0
							],
							"lerp_mode": "catmullrom"
						}
					}
				},
				"wing_L": {
					"rotation": {
						"0.0": {
							"post": [
								72.19768,
								-36.43129,
								-61.59914
							],
							"lerp_mode": "catmullrom"
						},
						"0.5": {
							"post": [
								50,
								0,
								0
							],
							"lerp_mode": "catmullrom"
						},
						"0.7083": {
							"post": [
								59.31794,
								27.03402,
								37.45372
							],
							"lerp_mode": "catmullrom"
						},
						"0.875": {
							"post": [
								72.19768,
								36.43129,
								61.59914
							],
							"lerp_mode": "catmullrom"
						},
						"1.0833": {
							"post": [
								66.65,
								27.32,
								46.2
							],
							"lerp_mode": "catmullrom"
						},
						"1.2917": {
							"post": [
								50.00202,
								0.00103,
								-0.00052
							],
							"lerp_mode": "catmullrom"
						},
						"1.4583": {
							"post": [
								54.24,
								-12.29,
								-17.02
							],
							"lerp_mode": "catmullrom"
						},
						"1.5833": {
							"post": [
								59.31794,
								-27.03402,
								-37.45372
							],
							"lerp_mode": "catmullrom"
						},
						"1.875": {
							"post": [
								72.19768,
								-36.43129,
								-61.59914
							],
							"lerp_mode": "catmullrom"
						},
						"2.0": {
							"post": [
								72.19768,
								-36.43129,
								-61.59914
							],
							"lerp_mode": "catmullrom"
						}
					}
				},
				"wing_outerL": {
					"rotation": {
						"0.0": {
							"post": [
								0,
								0,
								0
							],
							"lerp_mode": "catmullrom"
						},
						"0.5": {
							"post": [
								0,
								-22.5,
								0
							],
							"lerp_mode": "catmullrom"
						},
						"0.7083": {
							"post": [
								0,
								-45,
								0
							],
							"lerp_mode": "catmullrom"
						},
						"0.875": {
							"post": [
								0,
								22.5,
								0
							],
							"lerp_mode": "catmullrom"
						},
						"1.0833": {
							"post": [
								0,
								28.12,
								0
							],
							"lerp_mode": "catmullrom"
						},
						"1.2917": {
							"post": [
								0,
								45,
								0
							],
							"lerp_mode": "catmullrom"
						},
						"1.4583": {
							"post": [
								0,
								65.45,
								0
							],
							"lerp_mode": "catmullrom"
						},
						"1.5833": {
							"post": [
								0,
								90,
								0
							],
							"lerp_mode": "catmullrom"
						},
						"1.875": {
							"post": [
								0,
								42.5,
								0
							],
							"lerp_mode": "catmullrom"
						},
						"2.0": {
							"post": [
								0,
								0,
								0
							],
							"lerp_mode": "catmullrom"
						}
					}
				},
				"wing_R": {
					"rotation": {
						"0.0": {
							"post": [
								72.19768,
								36.43129,
								61.59914
							],
							"lerp_mode": "catmullrom"
						},
						"0.5": {
							"post": [
								50,
								0,
								0
							],
							"lerp_mode": "catmullrom"
						},
						"0.7083": {
							"post": [
								59.31794,
								-27.03402,
								-37.45372
							],
							"lerp_mode": "catmullrom"
						},
						"0.875": {
							"post": [
								72.19771,
								-36.42687,
								-61.5945
							],
							"lerp_mode": "catmullrom"
						},
						"1.0833": {
							"post": [
								66.65,
								-27.32,
								-46.19
							],
							"lerp_mode": "catmullrom"
						},
						"1.2917": {
							"post": [
								50.00202,
								-0.00103,
								0.01052
							],
							"lerp_mode": "catmullrom"
						},
						"1.4583": {
							"post": [
								54.24,
								12.29,
								17.03
							],
							"lerp_mode": "catmullrom"
						},
						"1.5833": {
							"post": [
								59.31794,
								27.03402,
								37.46372
							],
							"lerp_mode": "catmullrom"
						},
						"1.875": {
							"post": [
								72.19768,
								36.43129,
								61.59914
							],
							"lerp_mode": "catmullrom"
						},
						"2.0": {
							"post": [
								72.19768,
								36.43129,
								61.59914
							],
							"lerp_mode": "catmullrom"
						}
					}
				},
				"wing_outerR": {
					"rotation": {
						"0.0": {
							"post": [
								0,
								0,
								0
							],
							"lerp_mode": "catmullrom"
						},
						"0.5": {
							"post": [
								0,
								22.5,
								0
							],
							"lerp_mode": "catmullrom"
						},
						"0.7083": {
							"post": [
								0,
								45,
								0
							],
							"lerp_mode": "catmullrom"
						},
						"0.875": {
							"post": [
								0,
								-22.5,
								0
							],
							"lerp_mode": "catmullrom"
						},
						"1.0833": {
							"post": [
								0,
								-28.12,
								0
							],
							"lerp_mode": "catmullrom"
						},
						"1.2917": {
							"post": [
								0,
								-45,
								0
							],
							"lerp_mode": "catmullrom"
						},
						"1.4583": {
							"post": [
								0,
								-65.45,
								0
							],
							"lerp_mode": "catmullrom"
						},
						"1.5833": {
							"post": [
								0,
								-90,
								0
							],
							"lerp_mode": "catmullrom"
						},
						"1.875": {
							"post": [
								0,
								-45,
								0
							],
							"lerp_mode": "catmullrom"
						},
						"2.0": {
							"post": [
								0,
								0,
								0
							],
							"lerp_mode": "catmullrom"
						}
					}
				},
				"eye": {
					"rotation": {
						"0.0": {
							"post": [
								0,
								0,
								0
							],
							"lerp_mode": "catmullrom"
						},
						"0.4167": {
							"post": [
								0,
								0,
								0
							],
							"lerp_mode": "catmullrom"
						}
					}
				},
				"toes_R": {
					"rotation": {
						"0.0": {
							"post": [
								157.5,
								0,
								0
							],
							"lerp_mode": "catmullrom"
						}
					}
				},
				"foot_R": {
					"rotation": {
						"0.0": {
							"post": [
								22.5,
								0,
								0
							],
							"lerp_mode": "catmullrom"
						}
					}
				},
				"leg_lower_R": {
					"rotation": {
						"0.0": {
							"post": [
								-112.5,
								0,
								0
							],
							"lerp_mode": "catmullrom"
						},
						"0.875": {
							"post": [
								-135,
								0,
								0
							],
							"lerp_mode": "catmullrom"
						},
						"1.3333": {
							"post": [
								-112.5,
								0,
								0
							],
							"lerp_mode": "catmullrom"
						}
					}
				},
				"leg_R": {
					"rotation": {
						"0.0": {
							"post": [
								67.5,
								0,
								0
							],
							"lerp_mode": "catmullrom"
						}
					}
				},
				"leg_L": {
					"rotation": {
						"0.0": {
							"post": [
								67.5,
								0,
								0
							],
							"lerp_mode": "catmullrom"
						}
					},
					"position": {
						"0.0": {
							"post": [
								0,
								0,
								0
							],
							"lerp_mode": "catmullrom"
						}
					}
				},
				"leg_lower_L": {
					"rotation": {
						"0.0": {
							"post": [
								-112.5,
								0,
								0
							],
							"lerp_mode": "catmullrom"
						},
						"0.875": {
							"post": [
								-135,
								0,
								0
							],
							"lerp_mode": "catmullrom"
						},
						"1.3333": {
							"post": [
								-112.5,
								0,
								0
							],
							"lerp_mode": "catmullrom"
						}
					}
				},
				"toes_L": {
					"rotation": {
						"0.0": {
							"post": [
								180,
								0,
								0
							],
							"lerp_mode": "catmullrom"
						}
					}
				}
			}
		},
		"animation.eyebat.bank_l": {
			"loop": true,
			"bones": {
				"root": {
					"rotation": [
						0,
						0,
						22.5
					]
				}
			}
		},
		"animation.eyebat.bank_r": {
			"loop": true,
			"bones": {
				"root": {
					"rotation": [
						0,
						0,
						-22.5
					]
				}
			}
		},
		"animation.eyebat.wingbeat": {
			"loop": true,
			"animation_length": 2,
			"bones": {
				"wing_L": {
					"rotation": {
						"0.0": {
							"post": [
								54.24,
								-12.29,
								-17.02
							],
							"lerp_mode": "catmullrom"
						},
						"0.125": {
							"post": [
								59.31794,
								-27.03402,
								-37.45372
							],
							"lerp_mode": "catmullrom"
						},
						"0.4167": {
							"post": [
								72.19768,
								-36.43129,
								-61.59914
							],
							"lerp_mode": "catmullrom"
						},
						"0.5417": {
							"post": [
								72.19768,
								-36.43129,
								-61.59914
							],
							"lerp_mode": "catmullrom"
						},
						"1.0417": {
							"post": [
								50,
								0,
								0
							],
							"lerp_mode": "catmullrom"
						},
						"1.25": {
							"post": [
								59.31794,
								27.03402,
								37.45372
							],
							"lerp_mode": "catmullrom"
						},
						"1.4167": {
							"post": [
								72.19768,
								36.43129,
								61.59914
							],
							"lerp_mode": "catmullrom"
						},
						"1.625": {
							"post": [
								66.65,
								27.32,
								46.2
							],
							"lerp_mode": "catmullrom"
						},
						"1.8333": {
							"post": [
								50.00202,
								0.00103,
								-0.00052
							],
							"lerp_mode": "catmullrom"
						},
						"2.0": {
							"post": [
								54.24,
								-12.29,
								-17.02
							],
							"lerp_mode": "catmullrom"
						}
					}
				},
				"wing_outerL": {
					"rotation": {
						"0.0": {
							"post": [
								0,
								65.45,
								0
							],
							"lerp_mode": "catmullrom"
						},
						"0.125": {
							"post": [
								0,
								90,
								0
							],
							"lerp_mode": "catmullrom"
						},
						"0.4167": {
							"post": [
								0,
								42.5,
								0
							],
							"lerp_mode": "catmullrom"
						},
						"0.5417": {
							"post": [
								0,
								0,
								0
							],
							"lerp_mode": "catmullrom"
						},
						"1.0417": {
							"post": [
								0,
								-22.5,
								0
							],
							"lerp_mode": "catmullrom"
						},
						"1.25": {
							"post": [
								0,
								-45,
								0
							],
							"lerp_mode": "catmullrom"
						},
						"1.4167": {
							"post": [
								0,
								22.5,
								0
							],
							"lerp_mode": "catmullrom"
						},
						"1.625": {
							"post": [
								0,
								28.12,
								0
							],
							"lerp_mode": "catmullrom"
						},
						"1.8333": {
							"post": [
								0,
								45,
								0
							],
							"lerp_mode": "catmullrom"
						},
						"2.0": {
							"post": [
								0,
								65.45,
								0
							],
							"lerp_mode": "catmullrom"
						}
					}
				},
				"wing_R": {
					"rotation": {
						"0.0": {
							"post": [
								54.24,
								12.29,
								17.03
							],
							"lerp_mode": "catmullrom"
						},
						"0.125": {
							"post": [
								59.31794,
								27.03402,
								37.46372
							],
							"lerp_mode": "catmullrom"
						},
						"0.4167": {
							"post": [
								72.19768,
								36.43129,
								61.59914
							],
							"lerp_mode": "catmullrom"
						},
						"0.5417": {
							"post": [
								72.19768,
								36.43129,
								61.59914
							],
							"lerp_mode": "catmullrom"
						},
						"1.0417": {
							"post": [
								50,
								0,
								0
							],
							"lerp_mode": "catmullrom"
						},
						"1.25": {
							"post": [
								59.31794,
								-27.03402,
								-37.45372
							],
							"lerp_mode": "catmullrom"
						},
						"1.4167": {
							"post": [
								72.19771,
								-36.42687,
								-61.5945
							],
							"lerp_mode": "catmullrom"
						},
						"1.625": {
							"post": [
								66.65,
								-27.32,
								-46.19
							],
							"lerp_mode": "catmullrom"
						},
						"1.8333": {
							"post": [
								50.00202,
								-0.00103,
								0.01052
							],
							"lerp_mode": "catmullrom"
						},
						"2.0": {
							"post": [
								54.24,
								12.29,
								17.03
							],
							"lerp_mode": "catmullrom"
						}
					}
				},
				"wing_outerR": {
					"rotation": {
						"0.0": {
							"post": [
								0,
								-65.45,
								0
							],
							"lerp_mode": "catmullrom"
						},
						"0.125": {
							"post": [
								0,
								-90,
								0
							],
							"lerp_mode": "catmullrom"
						},
						"0.4167": {
							"post": [
								0,
								-45,
								0
							],
							"lerp_mode": "catmullrom"
						},
						"0.5417": {
							"post": [
								0,
								0,
								0
							],
							"lerp_mode": "catmullrom"
						},
						"1.0417": {
							"post": [
								0,
								22.5,
								0
							],
							"lerp_mode": "catmullrom"
						},
						"1.25": {
							"post": [
								0,
								45,
								0
							],
							"lerp_mode": "catmullrom"
						},
						"1.4167": {
							"post": [
								0,
								-22.5,
								0
							],
							"lerp_mode": "catmullrom"
						},
						"1.625": {
							"post": [
								0,
								-28.12,
								0
							],
							"lerp_mode": "catmullrom"
						},
						"1.8333": {
							"post": [
								0,
								-45,
								0
							],
							"lerp_mode": "catmullrom"
						},
						"2.0": {
							"post": [
								0,
								-65.45,
								0
							],
							"lerp_mode": "catmullrom"
						}
					}
				}
			},
			"sound_effects": {
				"0.7917": {
					"effect": "flap"
				}
			}
		},
		"animation.eyebat.flight_legtuck": {
			"loop": "hold_on_last_frame",
			"animation_length": 2,
			"bones": {
				"root": {
					"rotation": {
						"0.0": {
							"post": [
								15,
								0,
								0
							],
							"lerp_mode": "catmullrom"
						}
					},
					"position": {
						"0.0": {
							"post": [
								0,
								0,
								0
							],
							"lerp_mode": "catmullrom"
						}
					}
				},
				"eye": {
					"rotation": {
						"0.0": {
							"post": [
								0,
								0,
								0
							],
							"lerp_mode": "catmullrom"
						},
						"0.4167": {
							"post": [
								0,
								0,
								0
							],
							"lerp_mode": "catmullrom"
						}
					}
				},
				"toes_R": {
					"rotation": {
						"0.0": {
							"post": [
								157.5,
								0,
								0
							],
							"lerp_mode": "catmullrom"
						}
					}
				},
				"foot_R": {
					"rotation": {
						"0.0": {
							"post": [
								22.5,
								0,
								0
							],
							"lerp_mode": "catmullrom"
						}
					}
				},
				"leg_lower_R": {
					"rotation": {
						"0.0": {
							"post": [
								-112.5,
								0,
								0
							],
							"lerp_mode": "catmullrom"
						}
					}
				},
				"leg_R": {
					"rotation": {
						"0.0": {
							"post": [
								67.5,
								0,
								0
							],
							"lerp_mode": "catmullrom"
						}
					}
				},
				"leg_L": {
					"rotation": {
						"0.0": {
							"post": [
								67.5,
								0,
								0
							],
							"lerp_mode": "catmullrom"
						}
					},
					"position": {
						"0.0": {
							"post": [
								0,
								0,
								0
							],
							"lerp_mode": "catmullrom"
						}
					}
				},
				"leg_lower_L": {
					"rotation": {
						"0.0": {
							"post": [
								-112.5,
								0,
								0
							],
							"lerp_mode": "catmullrom"
						}
					}
				},
				"toes_L": {
					"rotation": {
						"0.0": {
							"post": [
								180,
								0,
								0
							],
							"lerp_mode": "catmullrom"
						}
					}
				}
			}
		},
		"animation.eyebat.stand": {
			"loop": "hold_on_last_frame",
			"animation_length": 2.04167,
			"bones": {
				"root": {
					"position": [
						0,
						-2,
						0
					]
				},
				"leg_L": {
					"rotation": [
						45,
						0,
						0
					]
				},
				"leg_lower_L": {
					"rotation": [
						-67.5,
						0,
						0
					]
				},
				"foot_L": {
					"rotation": [
						22.5,
						0,
						0
					]
				},
				"toes_L": {
					"rotation": [
						30,
						0,
						0
					]
				},
				"leg_R": {
					"rotation": [
						45,
						0,
						0
					]
				},
				"leg_lower_R": {
					"rotation": [
						-67.5,
						0,
						0
					]
				},
				"foot_R": {
					"rotation": [
						22.5,
						0,
						0
					]
				},
				"toes_R": {
					"rotation": [
						30,
						0,
						0
					]
				}
			}
		},
		"animation.eyebat.wingtuck": {
			"loop": "hold_on_last_frame",
			"animation_length": 2.04167,
			"bones": {
				"wing_L": {
					"rotation": {
						"0.0": {
							"post": [
								72.28665,
								-33.66056,
								-60.60121
							],
							"lerp_mode": "catmullrom"
						}
					}
				},
				"wing_outerL": {
					"rotation": {
						"0.0": {
							"post": [
								0,
								110.45,
								0
							],
							"lerp_mode": "catmullrom"
						}
					}
				},
				"wing_R": {
					"rotation": {
						"0.0": {
							"post": [
								72.28665,
								33.66056,
								60.61121
							],
							"lerp_mode": "catmullrom"
						}
					}
				},
				"wing_outerR": {
					"rotation": {
						"0.0": {
							"post": [
								0,
								-132.95,
								0
							],
							"lerp_mode": "catmullrom"
						}
					}
				}
			}
		},
		"animation.eyebat.walk": {
			"loop": true,
			"animation_length": 2,
			"bones": {
				"root": {
					"position": {
						"0.0": {
							"post": [
								0,
								1,
								0
							],
							"lerp_mode": "catmullrom"
						},
						"0.2083": {
							"post": [
								0,
								1,
								-2
							],
							"lerp_mode": "catmullrom"
						},
						"1.0": {
							"post": [
								0,
								1,
								0
							],
							"lerp_mode": "catmullrom"
						},
						"1.2083": {
							"post": [
								0,
								1,
								-2
							],
							"lerp_mode": "catmullrom"
						},
						"2.0": {
							"post": [
								0,
								1,
								0
							],
							"lerp_mode": "catmullrom"
						}
					}
				},
				"leg_L": {
					"rotation": {
						"0.0": {
							"post": [
								80,
								0,
								0
							],
							"lerp_mode": "catmullrom"
						},
						"0.5": {
							"post": [
								-20,
								0,
								0
							],
							"lerp_mode": "catmullrom"
						},
						"0.8333": {
							"post": [
								-20,
								0,
								0
							],
							"lerp_mode": "catmullrom"
						},
						"1.0": {
							"post": [
								-7.87,
								0,
								0
							],
							"lerp_mode": "catmullrom"
						},
						"1.0417": {
							"post": [
								2.24423,
								0,
								0
							],
							"lerp_mode": "catmullrom"
						},
						"1.25": {
							"post": [
								34.74,
								0,
								0
							],
							"lerp_mode": "catmullrom"
						},
						"1.3333": {
							"post": [
								42.5,
								0,
								0
							],
							"lerp_mode": "catmullrom"
						},
						"2.0": {
							"post": [
								80,
								0,
								0
							],
							"lerp_mode": "catmullrom"
						}
					}
				},
				"leg_lower_L": {
					"rotation": {
						"0.0": {
							"post": [
								-112.5,
								0,
								0
							],
							"lerp_mode": "catmullrom"
						},
						"0.5": {
							"post": [
								-75,
								0,
								0
							],
							"lerp_mode": "catmullrom"
						},
						"0.8333": {
							"post": [
								-7.5,
								0,
								0
							],
							"lerp_mode": "catmullrom"
						},
						"1.0": {
							"post": [
								-14.7,
								0,
								0
							],
							"lerp_mode": "catmullrom"
						},
						"1.3333": {
							"post": [
								-43.54,
								0,
								0
							],
							"lerp_mode": "catmullrom"
						},
						"2.0": {
							"post": [
								-112.5,
								0,
								0
							],
							"lerp_mode": "catmullrom"
						}
					}
				},
				"foot_L": {
					"rotation": {
						"0.0": {
							"post": [
								-82.5,
								0,
								0
							],
							"lerp_mode": "catmullrom"
						},
						"0.625": {
							"post": [
								-42.5,
								0,
								0
							],
							"lerp_mode": "catmullrom"
						},
						"1.125": {
							"post": [
								-8.09392,
								0,
								0
							],
							"lerp_mode": "catmullrom"
						},
						"2.0": {
							"post": [
								-82.5,
								0,
								0
							],
							"lerp_mode": "catmullrom"
						}
					}
				},
				"leg_R": {
					"rotation": {
						"0.0": {
							"post": [
								-7.87,
								0,
								0
							],
							"lerp_mode": "catmullrom"
						},
						"0.0417": {
							"post": [
								2.24423,
								0,
								0
							],
							"lerp_mode": "catmullrom"
						},
						"0.25": {
							"post": [
								34.74,
								0,
								0
							],
							"lerp_mode": "catmullrom"
						},
						"0.3333": {
							"post": [
								42.5,
								0,
								0
							],
							"lerp_mode": "catmullrom"
						},
						"1.0": {
							"post": [
								80,
								0,
								0
							],
							"lerp_mode": "catmullrom"
						},
						"1.5": {
							"post": [
								-20,
								0,
								0
							],
							"lerp_mode": "catmullrom"
						},
						"1.8333": {
							"post": [
								-20,
								0,
								0
							],
							"lerp_mode": "catmullrom"
						},
						"2.0": {
							"post": [
								-7.87,
								0,
								0
							],
							"lerp_mode": "catmullrom"
						}
					}
				},
				"leg_lower_R": {
					"rotation": {
						"0.0": {
							"post": [
								-14.7,
								0,
								0
							],
							"lerp_mode": "catmullrom"
						},
						"0.25": {
							"post": [
								-37.5,
								0,
								0
							],
							"lerp_mode": "catmullrom"
						},
						"0.3333": {
							"post": [
								-43.54,
								0,
								0
							],
							"lerp_mode": "catmullrom"
						},
						"0.75": {
							"post": [
								-32.97083,
								0,
								0
							],
							"lerp_mode": "catmullrom"
						},
						"1.0": {
							"post": [
								-112.5,
								0,
								0
							],
							"lerp_mode": "catmullrom"
						},
						"1.5": {
							"post": [
								-75,
								0,
								0
							],
							"lerp_mode": "catmullrom"
						},
						"1.8333": {
							"post": [
								-7.5,
								0,
								0
							],
							"lerp_mode": "catmullrom"
						},
						"2.0": {
							"post": [
								-14.7,
								0,
								0
							],
							"lerp_mode": "catmullrom"
						}
					}
				},
				"foot_R": {
					"rotation": {
						"0.0": {
							"post": [
								1.05,
								0,
								0
							],
							"lerp_mode": "catmullrom"
						},
						"0.125": {
							"post": [
								-8.09392,
								0,
								0
							],
							"lerp_mode": "catmullrom"
						},
						"1.0": {
							"post": [
								-82.5,
								0,
								0
							],
							"lerp_mode": "catmullrom"
						},
						"1.625": {
							"post": [
								-42.5,
								0,
								0
							],
							"lerp_mode": "catmullrom"
						},
						"1.7917": {
							"post": [
								-2.5,
								0,
								0
							],
							"lerp_mode": "catmullrom"
						},
						"2.0": {
							"post": [
								1.05,
								0,
								0
							],
							"lerp_mode": "catmullrom"
						}
					}
				},
				"toes_L": {
					"rotation": {
						"0.0": {
							"post": [
								60,
								0,
								0
							],
							"lerp_mode": "catmullrom"
						},
						"0.875": {
							"post": [
								50,
								0,
								0
							],
							"lerp_mode": "catmullrom"
						},
						"1.0417": {
							"post": [
								37.5,
								0,
								0
							],
							"lerp_mode": "catmullrom"
						},
						"1.2083": {
							"post": [
								30,
								0,
								0
							],
							"lerp_mode": "catmullrom"
						},
						"1.5417": {
							"post": [
								38.50137,
								0,
								0
							],
							"lerp_mode": "catmullrom"
						},
						"1.7083": {
							"post": [
								63.50137,
								0,
								0
							],
							"lerp_mode": "catmullrom"
						},
						"1.8333": {
							"post": [
								101.00137,
								0,
								0
							],
							"lerp_mode": "catmullrom"
						},
						"2.0": {
							"post": [
								60,
								0,
								0
							],
							"lerp_mode": "catmullrom"
						}
					}
				},
				"toes_R": {
					"rotation": {
						"0.0": {
							"post": [
								37.5,
								0,
								0
							],
							"lerp_mode": "catmullrom"
						},
						"0.2083": {
							"post": [
								30,
								0,
								0
							],
							"lerp_mode": "catmullrom"
						},
						"0.5417": {
							"post": [
								38.50137,
								0,
								0
							],
							"lerp_mode": "catmullrom"
						},
						"0.7083": {
							"post": [
								63.50137,
								0,
								0
							],
							"lerp_mode": "catmullrom"
						},
						"0.8333": {
							"post": [
								101.00137,
								0,
								0
							],
							"lerp_mode": "catmullrom"
						},
						"1.0": {
							"post": [
								60,
								0,
								0
							],
							"lerp_mode": "catmullrom"
						},
						"1.875": {
							"post": [
								50,
								0,
								0
							],
							"lerp_mode": "catmullrom"
						},
						"2.0": {
							"post": [
								37.5,
								0,
								0
							],
							"lerp_mode": "catmullrom"
						}
					}
				},
				"body": {
					"rotation": {
						"0.0": [
							0,
							0,
							0
						],
						"0.7083": [
							2.5,
							0,
							0
						],
						"0.8333": [
							-2.5,
							0,
							0
						],
						"1.0": [
							0,
							0,
							0
						],
						"1.7083": [
							2.5,
							0,
							0
						],
						"1.8333": [
							-2.5,
							0,
							0
						],
						"2.0": [
							0,
							0,
							0
						]
					},
					"position": {
						"0.0": [
							0,
							0,
							0
						],
						"0.7083": [
							0,
							-1,
							0
						],
						"1.0": [
							0,
							0,
							0
						],
						"1.7083": [
							0,
							-1,
							0
						],
						"2.0": [
							0,
							0,
							0
						]
					}
				}
			}
		},
		"animation.eyebat.bob": {
			"loop": true,
			"animation_length": 2,
			"bones": {
				"root": {
					"rotation": {
						"0.0": {
							"post": [
								2.31,
								0,
								0
							],
							"lerp_mode": "catmullrom"
						},
						"0.125": {
							"post": [
								0,
								0,
								0
							],
							"lerp_mode": "catmullrom"
						},
						"0.5833": {
							"post": [
								10,
								0,
								0
							],
							"lerp_mode": "catmullrom"
						},
						"1.125": {
							"post": [
								0,
								0,
								0
							],
							"lerp_mode": "catmullrom"
						},
						"1.5833": {
							"post": [
								10,
								0,
								0
							],
							"lerp_mode": "catmullrom"
						},
						"2.0": {
							"post": [
								2.31,
								0,
								0
							],
							"lerp_mode": "catmullrom"
						}
					},
					"position": {
						"0.0": {
							"post": [
								0,
								0,
								0
							],
							"lerp_mode": "catmullrom"
						},
						"0.5": {
							"post": [
								0,
								-2,
								0
							],
							"lerp_mode": "catmullrom"
						},
						"1.0": {
							"post": [
								0,
								0,
								0
							],
							"lerp_mode": "catmullrom"
						},
						"1.5": {
							"post": [
								0,
								-2,
								0
							],
							"lerp_mode": "catmullrom"
						},
						"2.0": {
							"post": [
								0,
								0,
								0
							],
							"lerp_mode": "catmullrom"
						}
					}
				}
			}
		},
		"animation.eyebat.baby": {
			"loop": "hold_on_last_frame",
			"animation_length": 2.04167,
			"bones": {
				"root": {
					"position": [
						0,
						-11,
						0
					],
					"scale": 0.5
				},
				"leg_L": {
					"scale": 0.5
				},
				"leg_R": {
					"scale": 0.5
				},
				"wing_L": {
					"scale": [
						0.5,
						0.5,
						1
					]
				},
				"wing_R": {
					"scale": [
						0.5,
						0.5,
						1
					]
				},
				"eye": {
					"scale": [
						1.4,
						1.6,
						1.5
					]
				},
				"fronds": {
					"position": [
						0,
						-2,
						0
					]
				}
			}
		}
	}
}