{
	"format_version": "1.8.0",
	"animations": {
		"animation.hiver.sway": {
			"loop": true,
			"animation_length": 2,
			"bones": {
				"root": {
					"rotation": {
						"0.0": {
							"post": [
								0,
								0,
								0
							],
							"lerp_mode": "catmullrom"
						},
						"0.5": {
							"post": [
								2,
								0,
								0
							],
							"lerp_mode": "catmullrom"
						},
						"1.0": {
							"post": [
								0,
								0,
								0
							],
							"lerp_mode": "catmullrom"
						},
						"1.5": {
							"post": [
								-5,
								0,
								0
							],
							"lerp_mode": "catmullrom"
						},
						"2.0": {
							"post": [
								0,
								0,
								0
							],
							"lerp_mode": "catmullrom"
						}
					},
					"position": {
						"0.0": {
							"post": [
								0,
								0,
								0
							],
							"lerp_mode": "catmullrom"
						},
						"0.5": {
							"post": [
								0,
								-2,
								0
							],
							"lerp_mode": "catmullrom"
						},
						"1.0": {
							"post": [
								0,
								0,
								0
							],
							"lerp_mode": "catmullrom"
						},
						"1.5": {
							"post": [
								0,
								-2,
								0
							],
							"lerp_mode": "catmullrom"
						},
						"2.0": {
							"post": [
								0,
								0,
								0
							],
							"lerp_mode": "catmullrom"
						}
					}
				}
			}
		},
		"animation.hiver.flap": {
			"loop": true,
			"animation_length": 0.58333,
			"bones": {
				"root": {
					"rotation": [
						0,
						0,
						0
					]
				},
				"l_wing": {
					"rotation": {
						"0.0": [
							0,
							0,
							0
						],
						"0.0833": [
							0,
							-45,
							0
						],
						"0.1667": [
							0,
							0,
							0
						],
						"0.25": [
							0,
							-45,
							0
						],
						"0.3333": [
							0,
							0,
							0
						],
						"0.4167": [
							0,
							-45,
							0
						],
						"0.5": [
							0,
							0,
							0
						],
						"0.5833": [
							0,
							-45,
							0
						]
					}
				},
				"l_wing_hind": {
					"rotation": {
						"0.0": [
							0,
							-67.5,
							0
						],
						"0.0833": [
							0,
							"025",
							0
						],
						"0.1667": [
							0,
							-67.5,
							0
						],
						"0.25": [
							0,
							"025",
							0
						],
						"0.3333": [
							0,
							-67.5,
							0
						],
						"0.4167": [
							0,
							"025",
							0
						],
						"0.5": [
							0,
							-67.5,
							0
						],
						"0.5833": [
							0,
							"025",
							0
						]
					}
				},
				"r_wing": {
					"rotation": {
						"0.0": [
							0,
							0,
							0
						],
						"0.0833": [
							0,
							45,
							0
						],
						"0.1667": [
							0,
							0,
							0
						],
						"0.25": [
							0,
							45,
							0
						],
						"0.3333": [
							0,
							0,
							0
						],
						"0.4167": [
							0,
							45,
							0
						],
						"0.5": [
							0,
							0,
							0
						],
						"0.5833": [
							0,
							45,
							0
						]
					}
				},
				"r_wing_hind": {
					"rotation": {
						"0.0": [
							0,
							67.5,
							0
						],
						"0.0833": [
							0,
							0,
							0
						],
						"0.1667": [
							0,
							67.5,
							0
						],
						"0.25": [
							0,
							0,
							0
						],
						"0.3333": [
							0,
							67.5,
							0
						],
						"0.4167": [
							0,
							0,
							0
						],
						"0.5": [
							0,
							67.5,
							0
						]
					}
				}
			}
		},
		"animation.hiver.arms_still": {
			"loop": true
		}
	}
}