{
	"format_version": "1.10.0",
	"particle_effect": {
		"description": {
			"identifier": "bradmob:part_phlogiston",
			"basic_render_parameters": {
				"material": "particles_alpha",
				"texture": "textures/particle/particle_phlogiston"
			}
		},
		"components": {
			"minecraft:emitter_rate_instant": {
				"num_particles": 5
			},
			"minecraft:emitter_lifetime_once": {},
			"minecraft:emitter_shape_sphere": {
				"radius": 0.3,
				"surface_only": true,
				"direction": [
					"math.random(-1,1)",
					"math.random(-1,1)",
					"math.random(-1,1)"
				]
			},
			"minecraft:particle_initial_speed": "(math.random(0,1)+math.random(0,1)+1)*0.3",
			"minecraft:particle_lifetime_expression": {
				"max_lifetime": "math.random(0.3,1.5)"
			},
			"minecraft:particle_motion_dynamic": {
				"linear_acceleration": [
					"(variable.particle_random_1*2-1)-(variable.particle_age*0.4)*1.25",
					"1+(0.08*variable.particle_age)-(variable.particle_age*0.4)",
					"(variable.particle_random_2*2-1)-(variable.particle_age*0.4)*1.25"
				]
			},
			"minecraft:particle_motion_collision": {
				"enabled": 1,
				"collision_drag": 1,
				"coefficient_of_restitution": 1,
				"collision_radius": 0.5
			},
			"minecraft:particle_appearance_billboard": {
				"size": [
					0.4,
					0.4
				],
				"facing_camera_mode": "lookat_xyz",
				"uv": {
					"8": 128,
					"texture_width": 96,
					"flipbook": {
						"base_UV": [
							0,
							0
						],
						"size_UV": [
							8,
							8
						],
						"step_UV": [
							8,
							0
						],
						"frames_per_second": 3,
						"max_frame": 12,
						"stretch_to_lifetime": true,
						"loop": false
					}
				}
			}
		}
	}
}