{
	"format_version": "1.16.0",
	"minecraft:entity": {
		"description": {
			"identifier": "bradmob:mothman",
			"is_spawnable": true,
			"is_summonable": true,
			"is_experimental": false
		},
		"component_groups": {
			"group_flight": {
				"minecraft:navigation.hover": {
					"can_path_from_air": true,
					"avoid_damage_blocks": true,
					"can_path_over_water": true,
					"avoid_sun": true
				},
				"minecraft:behavior.hover": {
					"priority": 5
				},
				"minecraft:movement.hover": {},
				"minecraft:behavior.random_hover": {
					"priority": 2,
					"xz_dist": 10,
					"y_dist": 10,
					"y_offset": 2,
					"interval": 80,
					"hover_height": [
						3,
						13
					],
					"speed_multiplier": 0.5
				},
				"minecraft:can_fly": true
			},
			"group_grounded": {
				"minecraft:movement.basic": {},
				"minecraft:behavior.random_stroll": {
					"priority": 6,
					"speed_multiplier": 1,
					"interval": 40,
					"xz_dist": 5,
					"y_dist": 3
				},
				"minecraft:environment_sensor": {
					"triggers": {
						"filters": {
							"test": "random_chance",
							"value": 50,
							"operator": "=="
						},
						"event": "event_flight"
					}
				},
				"minecraft:navigation.walk": {
					"can_path_from_air": true,
					"avoid_damage_blocks": true,
					"can_path_over_water": true,
					"avoid_sun": true
				},
				"minecraft:physics": {
					"has_gravity": true,
					"has_collision": true
				}
			},
			"variant_default": {
				"minecraft:variant": {
					"value": 0
				}
			},
			"variant_arctic": {
				"minecraft:variant": {
					"value": 1
				}
			}
		},
		"components": {
			"minecraft:is_hidden_when_invisible": {},
			"minecraft:nameable": {},
			"minecraft:type_family": {
				"family": [
					"monster",
					"mob",
					"arthropod"
				]
			},
			"minecraft:collision_box": {
				"width": 0.6,
				"height": 1.9
			},
			"minecraft:burns_in_daylight": {},
			"minecraft:can_climb": {},
			"minecraft:health": {
				"value": 20,
				"max": 20
			},
			"minecraft:hurt_on_condition": {
				"damage_conditions": [
					{
						"filters": {
							"test": "in_lava",
							"subject": "self",
							"operator": "==",
							"value": true
						},
						"cause": "lava",
						"damage_per_tick": 4
					}
				]
			},
			"minecraft:breathable": {
				"total_supply": 15,
				"suffocate_time": 0,
				"breathes_air": true,
				"breathes_water": true
			},
			"minecraft:attack": {
				"damage": 3,
				"effect_name": "weakness",
				"effect_duration": 5
			},
			"minecraft:loot": {
				"table": "loot_tables/entities/zombie.json"
			},
			"minecraft:despawn": {
				"despawn_from_distance": {}
			},
			"minecraft:behavior.melee_attack": {
				"priority": 0
			},
			"minecraft:behavior.look_at_player": {
				"priority": 8,
				"look_distance": 6,
				"probability": 0.02
			},
			"minecraft:behavior.random_look_around": {
				"priority": 9
			},
			"minecraft:behavior.hurt_by_target": {
				"priority": 1
			},
			"minecraft:behavior.nearest_attackable_target": {
				"priority": 1,
				"must_see": true,
				"reselect_targets": true,
				"within_radius": 55,
				"must_see_forget_duration": 17,
				"entity_types": [
					{
						"filters": {
							"any_of": [
								{
									"test": "is_family",
									"subject": "other",
									"value": "player"
								},
								{
									"test": "is_family",
									"subject": "other",
									"value": "snowgolem"
								},
								{
									"test": "is_family",
									"subject": "other",
									"value": "cow"
								}
							]
						},
						"max_dist": 75
					}
				]
			},
			"minecraft:physics": {
				"has_gravity": true,
				"has_collision": true
			},
			"minecraft:pushable": {
				"is_pushable": true,
				"is_pushable_by_piston": true
			},
			"minecraft:conditional_bandwidth_optimization": {},
			"minecraft:movement": {
				"value": 0.2
			},
			"minecraft:flying_speed": {
				"value": 0.36
			},
			"minecraft:jump.static": {},
			"minecraft:damage_sensor": {
				"triggers": [
					{
						"on_damage": {
							"event": "event_grounded"
						},
						"cause": "entity_attack"
					},
					{
						"on_damage": {
							"event": "event_grounded"
						},
						"cause": "projectile"
					},
					{
						"cause": "fall",
						"deals_damage": false
					}
				]
			}
		},
		"events": {
			"minecraft:entity_spawned": {
				"sequence": [
					{
						"filters": {
							"all_of": [
								{
									"test": "has_biome_tag",
									"value": "cold",
									"operator": "!="
								},
								{
									"test": "has_biome_tag",
									"value": "frozen",
									"operator": "!="
								}
							]
						},
						"add": {
							"component_groups": [
								"variant_default"
							]
						}
					},
					{
						"filters": {
							"any_of": [
								{
									"test": "has_biome_tag",
									"value": "cold",
									"operator": "=="
								},
								{
									"test": "has_biome_tag",
									"value": "frozen",
									"operator": "=="
								}
							]
						},
						"add": {
							"component_groups": [
								"variant_arctic"
							]
						}
					},
					{
						"add": {
							"component_groups": [
								"group_flight"
							]
						}
					}
				]
			},
			"event_flight": {
				"add": {
					"component_groups": [
						"group_flight"
					]
				},
				"remove": {
					"component_groups": [
						"group_grounded"
					]
				}
			},
			"event_grounded": {
				"add": {
					"component_groups": [
						"group_grounded"
					]
				},
				"remove": {
					"component_groups": [
						"group_flight"
					]
				}
			}
		}
	}
}