{
	"format_version": "1.8.0",
	"minecraft:spawn_rules": {
		"description": {
			"identifier": "bradmob:scorpion",
			"population_control": "animal"
		},
		"conditions": [
			{
				"minecraft:spawns_on_block_filter": [
					"minecraft:grass",
					"minecraft:sand",
					"minecraft:stained_hardened_clay"
				],
				"minecraft:spawns_on_surface": {},
				"minecraft:brightness_filter": {
					"min": 0,
					"max": 15,
					"adjust_for_weather": false
				},
				"minecraft:weight": {
					"default": 22
				},
				"minecraft:herd": {
					"min_size": 1,
					"max_size": 4
				},
				"minecraft:biome_filter": {
					"any_of": [
						{
							"test": "has_biome_tag",
							"value": "jungle",
							"operator": "=="
						},
						{
							"test": "has_biome_tag",
							"value": "desert",
							"operator": "=="
						},
						{
							"test": "has_biome_tag",
							"value": "savanna",
							"operator": "=="
						},
						{
							"test": "has_biome_tag",
							"value": "mesa",
							"operator": "=="
						}
					]
				}
			}
		]
	}
}