{
	"format_version": "1.12.0",
	"minecraft:geometry": [
		{
			"description": {
				"identifier": "geometry.lobster",
				"texture_width": 32,
				"texture_height": 32,
				"visible_bounds_width": 2,
				"visible_bounds_height": 2.5,
				"visible_bounds_offset": [
					0,
					0.75,
					0
				]
			},
			"bones": [
				{
					"name": "root",
					"pivot": [
						0,
						1.3,
						1
					]
				},
				{
					"name": "body",
					"parent": "root",
					"pivot": [
						0,
						1.3,
						-5
					],
					"cubes": [
						{
							"origin": [
								-1.2,
								2.3,
								-6.3
							],
							"size": [
								2.3,
								2,
								1.3
							],
							"uv": [
								0,
								0
							]
						},
						{
							"origin": [
								-2,
								1.3,
								-5
							],
							"size": [
								4,
								3,
								6
							],
							"uv": [
								0,
								0
							]
						}
					]
				},
				{
					"name": "antennae",
					"parent": "body",
					"pivot": [
						0,
						1.3,
						0
					]
				},
				{
					"name": "antenna_R",
					"parent": "antennae",
					"pivot": [
						0,
						1.3,
						0
					],
					"cubes": [
						{
							"origin": [
								0,
								2.3,
								-9
							],
							"size": [
								0,
								9,
								9
							],
							"pivot": [
								0,
								3.3,
								-8.4
							],
							"rotation": [
								0,
								0,
								-50
							],
							"uv": [
								10,
								0
							]
						}
					]
				},
				{
					"name": "antennae_L",
					"parent": "antennae",
					"pivot": [
						0,
						1.3,
						0
					],
					"cubes": [
						{
							"origin": [
								0,
								2.3,
								-9
							],
							"size": [
								0,
								9,
								9
							],
							"pivot": [
								0,
								3.3,
								-8.4
							],
							"rotation": [
								0,
								0,
								50
							],
							"uv": [
								10,
								0
							]
						}
					]
				},
				{
					"name": "armR",
					"parent": "body",
					"pivot": [
						-1.6,
						1.6,
						-4.15
					],
					"rotation": [
						0,
						22.5,
						0
					],
					"cubes": [
						{
							"origin": [
								-2.5,
								0.9,
								-7.25
							],
							"size": [
								1,
								1,
								4
							],
							"pivot": [
								-2,
								0.4,
								-4.25
							],
							"rotation": [
								0,
								50,
								0
							],
							"uv": [
								0,
								23
							]
						}
					]
				},
				{
					"name": "forearmR",
					"parent": "armR",
					"pivot": [
						-4.1,
						1.6,
						-6.15
					],
					"cubes": [
						{
							"origin": [
								-4.56991,
								0.9,
								-9.79661
							],
							"size": [
								1,
								1,
								4
							],
							"pivot": [
								-4,
								1.6,
								-6.15
							],
							"rotation": [
								0,
								-2.5,
								0
							],
							"uv": [
								10,
								23
							]
						}
					]
				},
				{
					"name": "clawR",
					"parent": "forearmR",
					"pivot": [
						-1.6,
						1.6,
						-4.15
					],
					"cubes": [
						{
							"origin": [
								-4.56991,
								1.5,
								-11.89661
							],
							"size": [
								4,
								0,
								6
							],
							"pivot": [
								-4,
								1.6,
								-6.15
							],
							"rotation": [
								0,
								-2.5,
								0
							],
							"uv": [
								14,
								22
							]
						}
					]
				},
				{
					"name": "armL",
					"parent": "body",
					"pivot": [
						1.6,
						1.6,
						-4.15
					],
					"rotation": [
						0,
						-22.5,
						0
					],
					"cubes": [
						{
							"origin": [
								1.5,
								0.9,
								-7.25
							],
							"size": [
								1,
								1,
								4
							],
							"pivot": [
								2,
								0.4,
								-4.25
							],
							"rotation": [
								0,
								-50,
								0
							],
							"uv": [
								0,
								23
							],
							"mirror": true
						}
					]
				},
				{
					"name": "forearmL",
					"parent": "armL",
					"pivot": [
						4.1,
						1.35,
						-5.9
					],
					"cubes": [
						{
							"origin": [
								3.56991,
								0.9,
								-9.79661
							],
							"size": [
								1,
								1,
								4
							],
							"pivot": [
								4,
								1.6,
								-6.15
							],
							"rotation": [
								0,
								2.5,
								0
							],
							"uv": [
								10,
								23
							],
							"mirror": true
						}
					]
				},
				{
					"name": "clawL",
					"parent": "forearmL",
					"pivot": [
						1.6,
						1.6,
						-4.15
					],
					"cubes": [
						{
							"origin": [
								0.56991,
								1.5,
								-11.89661
							],
							"size": [
								4,
								0,
								6
							],
							"pivot": [
								4,
								1.6,
								-6.15
							],
							"rotation": [
								0,
								2.5,
								0
							],
							"uv": [
								14,
								22
							],
							"mirror": true
						}
					]
				},
				{
					"name": "legR",
					"parent": "body",
					"pivot": [
						-1,
						1.9,
						-0.5
					],
					"rotation": [
						0,
						0,
						-12.5
					]
				},
				{
					"name": "legR1",
					"parent": "legR",
					"pivot": [
						-1,
						1.9,
						-0.5
					],
					"cubes": [
						{
							"origin": [
								-6.25,
								1.9,
								-3
							],
							"size": [
								4,
								0,
								3
							],
							"pivot": [
								-2.25,
								1.9,
								-1.5
							],
							"rotation": [
								10.8448,
								-30.82594,
								-20.49807
							],
							"uv": [
								18,
								6
							],
							"mirror": true
						}
					]
				},
				{
					"name": "legR2",
					"parent": "legR",
					"pivot": [
						-1,
						1.9,
						-0.5
					],
					"cubes": [
						{
							"origin": [
								-6,
								1.9,
								-1.5
							],
							"size": [
								4,
								0,
								4
							],
							"pivot": [
								-2,
								1.9,
								-1
							],
							"rotation": [
								0,
								0,
								-15
							],
							"uv": [
								16,
								5
							],
							"mirror": true
						}
					]
				},
				{
					"name": "legR3",
					"parent": "legR",
					"pivot": [
						-1,
						1.9,
						-0.5
					],
					"cubes": [
						{
							"origin": [
								-5,
								1.9,
								0
							],
							"size": [
								4,
								0,
								4
							],
							"pivot": [
								-1,
								1.9,
								1.5
							],
							"rotation": [
								-9.37531,
								20.94797,
								-19.48661
							],
							"uv": [
								16,
								5
							],
							"mirror": true
						}
					]
				},
				{
					"name": "legL",
					"parent": "body",
					"pivot": [
						1,
						1.9,
						-0.5
					],
					"rotation": [
						0,
						0,
						12.5
					]
				},
				{
					"name": "legL1",
					"parent": "legL",
					"pivot": [
						1,
						1.9,
						-0.5
					],
					"cubes": [
						{
							"origin": [
								2.25,
								1.9,
								-3
							],
							"size": [
								4,
								0,
								3
							],
							"pivot": [
								2.25,
								1.9,
								-1.5
							],
							"rotation": [
								10.8448,
								30.82594,
								20.49807
							],
							"uv": [
								18,
								6
							]
						}
					]
				},
				{
					"name": "legL2",
					"parent": "legL",
					"pivot": [
						1,
						1.9,
						-0.5
					],
					"cubes": [
						{
							"origin": [
								2,
								1.9,
								-1.5
							],
							"size": [
								4,
								0,
								4
							],
							"pivot": [
								2,
								1.9,
								-1
							],
							"rotation": [
								0,
								0,
								15
							],
							"uv": [
								16,
								5
							]
						}
					]
				},
				{
					"name": "legL3",
					"parent": "legL",
					"pivot": [
						1,
						1.9,
						-0.5
					],
					"cubes": [
						{
							"origin": [
								1,
								1.9,
								0
							],
							"size": [
								4,
								0,
								4
							],
							"pivot": [
								1,
								1.9,
								1.5
							],
							"rotation": [
								-9.37531,
								-20.94797,
								19.48661
							],
							"uv": [
								16,
								5
							]
						}
					]
				},
				{
					"name": "tail",
					"parent": "body",
					"pivot": [
						0,
						1.8,
						0.7
					],
					"cubes": [
						{
							"origin": [
								-1.5,
								1.3,
								1
							],
							"size": [
								3,
								3,
								2
							],
							"uv": [
								0,
								9
							]
						}
					]
				},
				{
					"name": "tail1",
					"parent": "tail",
					"pivot": [
						0,
						1.8,
						2.7
					],
					"cubes": [
						{
							"origin": [
								-1,
								1.8,
								2.7
							],
							"size": [
								2,
								2,
								2
							],
							"pivot": [
								0,
								1.8,
								2.7
							],
							"rotation": [
								-7.5,
								0,
								0
							],
							"uv": [
								0,
								14
							]
						}
					]
				},
				{
					"name": "tail2",
					"parent": "tail1",
					"pivot": [
						0,
						1.8,
						4.7
					],
					"cubes": [
						{
							"origin": [
								-0.75,
								1.78895,
								4.06711
							],
							"size": [
								1.5,
								1.5,
								2.25
							],
							"pivot": [
								0,
								1.8,
								4.7
							],
							"rotation": [
								-20,
								0,
								0
							],
							"uv": [
								0,
								18
							]
						}
					]
				},
				{
					"name": "tail_flipper",
					"parent": "tail2",
					"pivot": [
						0,
						1.8,
						4.7
					],
					"cubes": [
						{
							"origin": [
								-2.75,
								2.58895,
								5.06711
							],
							"size": [
								5.5,
								0,
								2.25
							],
							"pivot": [
								0,
								1.8,
								4.7
							],
							"rotation": [
								-20,
								0,
								0
							],
							"uv": [
								-2,
								21
							]
						}
					]
				}
			]
		}
	]
}