{
	"format_version": "1.12.0",
	"minecraft:geometry": [
		{
			"description": {
				"identifier": "geometry.mothman",
				"texture_width": 64,
				"texture_height": 64,
				"visible_bounds_width": 5,
				"visible_bounds_height": 4.5,
				"visible_bounds_offset": [
					0,
					1.75,
					0
				]
			},
			"bones": [
				{
					"name": "root",
					"pivot": [
						0.25,
						15,
						-0.75
					]
				},
				{
					"name": "torso",
					"parent": "root",
					"pivot": [
						0,
						19,
						-1
					],
					"cubes": [
						{
							"origin": [
								-4,
								15,
								-3
							],
							"size": [
								8,
								7,
								4
							],
							"uv": {
								"north": {
									"uv": [
										29,
										18
									],
									"uv_size": [
										8,
										7
									]
								},
								"east": {
									"uv": [
										25,
										18
									],
									"uv_size": [
										4,
										7
									]
								},
								"south": {
									"uv": [
										41,
										18
									],
									"uv_size": [
										8,
										7
									]
								},
								"west": {
									"uv": [
										37,
										18
									],
									"uv_size": [
										4,
										7
									]
								},
								"up": {
									"uv": [
										29,
										14
									],
									"uv_size": [
										8,
										4
									]
								},
								"down": {
									"uv": [
										37,
										18
									],
									"uv_size": [
										8,
										-4
									]
								}
							}
						},
						{
							"origin": [
								-3,
								11,
								-2.5
							],
							"size": [
								6,
								4,
								3
							],
							"uv": {
								"north": {
									"uv": [
										28,
										28
									],
									"uv_size": [
										6,
										4
									]
								},
								"east": {
									"uv": [
										25,
										28
									],
									"uv_size": [
										3,
										4
									]
								},
								"south": {
									"uv": [
										37,
										28
									],
									"uv_size": [
										6,
										4
									]
								},
								"west": {
									"uv": [
										34,
										28
									],
									"uv_size": [
										3,
										4
									]
								},
								"up": {
									"uv": [
										28,
										25
									],
									"uv_size": [
										6,
										3
									]
								},
								"down": {
									"uv": [
										34,
										28
									],
									"uv_size": [
										6,
										-3
									]
								}
							}
						}
					]
				},
				{
					"name": "rightLeg",
					"parent": "torso",
					"pivot": [
						-0.25,
						11,
						-0.75
					],
					"cubes": [
						{
							"origin": [
								-3,
								-1,
								-2.25
							],
							"size": [
								3,
								12,
								3
							],
							"uv": {
								"north": {
									"uv": [
										16,
										17
									],
									"uv_size": [
										3,
										12
									]
								},
								"east": {
									"uv": [
										13,
										17
									],
									"uv_size": [
										3,
										12
									]
								},
								"south": {
									"uv": [
										22,
										17
									],
									"uv_size": [
										3,
										12
									]
								},
								"west": {
									"uv": [
										19,
										17
									],
									"uv_size": [
										3,
										12
									]
								},
								"up": {
									"uv": [
										16,
										14
									],
									"uv_size": [
										3,
										3
									]
								},
								"down": {
									"uv": [
										19,
										17
									],
									"uv_size": [
										3,
										-3
									]
								}
							}
						}
					]
				},
				{
					"name": "leftLeg",
					"parent": "torso",
					"pivot": [
						0,
						11,
						-0.75
					],
					"cubes": [
						{
							"origin": [
								0,
								-1,
								-2.25
							],
							"size": [
								3,
								12,
								3
							],
							"uv": {
								"north": {
									"uv": [
										19,
										17
									],
									"uv_size": [
										-3,
										12
									]
								},
								"east": {
									"uv": [
										22,
										17
									],
									"uv_size": [
										-3,
										12
									]
								},
								"south": {
									"uv": [
										25,
										17
									],
									"uv_size": [
										-3,
										12
									]
								},
								"west": {
									"uv": [
										16,
										17
									],
									"uv_size": [
										-3,
										12
									]
								},
								"up": {
									"uv": [
										19,
										14
									],
									"uv_size": [
										-3,
										3
									]
								},
								"down": {
									"uv": [
										22,
										17
									],
									"uv_size": [
										-3,
										-3
									]
								}
							}
						}
					]
				},
				{
					"name": "rightArm",
					"parent": "torso",
					"pivot": [
						-4.25,
						20,
						-0.75
					],
					"cubes": [
						{
							"origin": [
								-7,
								10,
								-2.25
							],
							"size": [
								3,
								12,
								3
							],
							"uv": {
								"north": {
									"uv": [
										4,
										17
									],
									"uv_size": [
										3,
										12
									]
								},
								"east": {
									"uv": [
										1,
										17
									],
									"uv_size": [
										3,
										12
									]
								},
								"south": {
									"uv": [
										10,
										17
									],
									"uv_size": [
										3,
										12
									]
								},
								"west": {
									"uv": [
										7,
										17
									],
									"uv_size": [
										3,
										12
									]
								},
								"up": {
									"uv": [
										4,
										14
									],
									"uv_size": [
										3,
										3
									]
								},
								"down": {
									"uv": [
										7,
										17
									],
									"uv_size": [
										3,
										-3
									]
								}
							}
						}
					]
				},
				{
					"name": "leftArm",
					"parent": "torso",
					"pivot": [
						3.75,
						20,
						-0.75
					],
					"cubes": [
						{
							"origin": [
								4,
								10,
								-2.25
							],
							"size": [
								3,
								12,
								3
							],
							"uv": {
								"north": {
									"uv": [
										7,
										17
									],
									"uv_size": [
										-3,
										12
									]
								},
								"east": {
									"uv": [
										10,
										17
									],
									"uv_size": [
										-3,
										12
									]
								},
								"south": {
									"uv": [
										13,
										17
									],
									"uv_size": [
										-3,
										12
									]
								},
								"west": {
									"uv": [
										4,
										17
									],
									"uv_size": [
										-3,
										12
									]
								},
								"up": {
									"uv": [
										7,
										14
									],
									"uv_size": [
										-3,
										3
									]
								},
								"down": {
									"uv": [
										10,
										17
									],
									"uv_size": [
										-3,
										-3
									]
								}
							}
						}
					]
				},
				{
					"name": "head",
					"parent": "root",
					"pivot": [
						0,
						25,
						-2.25
					],
					"cubes": [
						{
							"origin": [
								-3.5,
								22,
								-5.5
							],
							"size": [
								7,
								7,
								7
							],
							"uv": {
								"north": {
									"uv": [
										7,
										7
									],
									"uv_size": [
										7,
										7
									]
								},
								"east": {
									"uv": [
										0,
										7
									],
									"uv_size": [
										7,
										7
									]
								},
								"south": {
									"uv": [
										21,
										7
									],
									"uv_size": [
										7,
										7
									]
								},
								"west": {
									"uv": [
										14,
										7
									],
									"uv_size": [
										7,
										7
									]
								},
								"up": {
									"uv": [
										7,
										0
									],
									"uv_size": [
										7,
										7
									]
								},
								"down": {
									"uv": [
										14,
										7
									],
									"uv_size": [
										7,
										-7
									]
								}
							}
						},
						{
							"origin": [
								-3,
								26,
								-6.25
							],
							"size": [
								0,
								7,
								9
							],
							"pivot": [
								-3,
								29,
								-2.25
							],
							"rotation": [
								0,
								0,
								-40
							],
							"uv": {
								"north": {
									"uv": [
										49,
										7
									],
									"uv_size": [
										0,
										7
									]
								},
								"east": {
									"uv": [
										40,
										7
									],
									"uv_size": [
										9,
										7
									]
								},
								"south": {
									"uv": [
										58,
										7
									],
									"uv_size": [
										0,
										7
									]
								},
								"west": {
									"uv": [
										49,
										7
									],
									"uv_size": [
										9,
										7
									]
								},
								"up": {
									"uv": [
										49,
										-2
									],
									"uv_size": [
										0,
										9
									]
								},
								"down": {
									"uv": [
										49,
										7
									],
									"uv_size": [
										0,
										-9
									]
								}
							}
						},
						{
							"origin": [
								3,
								26,
								-6.25
							],
							"size": [
								0,
								7,
								9
							],
							"pivot": [
								3,
								29,
								-2.25
							],
							"rotation": [
								0,
								0,
								40
							],
							"uv": {
								"north": {
									"uv": [
										49,
										7
									],
									"uv_size": [
										0,
										7
									]
								},
								"east": {
									"uv": [
										58,
										7
									],
									"uv_size": [
										-9,
										7
									]
								},
								"south": {
									"uv": [
										58,
										7
									],
									"uv_size": [
										0,
										7
									]
								},
								"west": {
									"uv": [
										49,
										7
									],
									"uv_size": [
										-9,
										7
									]
								},
								"up": {
									"uv": [
										49,
										-2
									],
									"uv_size": [
										0,
										9
									]
								},
								"down": {
									"uv": [
										49,
										7
									],
									"uv_size": [
										0,
										-9
									]
								}
							}
						}
					]
				},
				{
					"name": "eye0",
					"parent": "head",
					"pivot": [
						0,
						11,
						0
					],
					"cubes": [
						{
							"origin": [
								-4,
								24,
								-7
							],
							"size": [
								3,
								3,
								3
							],
							"pivot": [
								-2.5,
								25.5,
								-4.75
							],
							"rotation": [
								10,
								32.5,
								0
							],
							"uv": {
								"north": {
									"uv": [
										31,
										11
									],
									"uv_size": [
										3,
										3
									]
								},
								"east": {
									"uv": [
										28,
										11
									],
									"uv_size": [
										3,
										3
									]
								},
								"south": {
									"uv": [
										37,
										11
									],
									"uv_size": [
										3,
										3
									]
								},
								"west": {
									"uv": [
										34,
										11
									],
									"uv_size": [
										3,
										3
									]
								},
								"up": {
									"uv": [
										31,
										8
									],
									"uv_size": [
										3,
										3
									]
								},
								"down": {
									"uv": [
										34,
										11
									],
									"uv_size": [
										3,
										-3
									]
								}
							}
						}
					]
				},
				{
					"name": "eye1",
					"parent": "head",
					"pivot": [
						0,
						11,
						0
					],
					"cubes": [
						{
							"origin": [
								1,
								24,
								-7
							],
							"size": [
								3,
								3,
								3
							],
							"pivot": [
								2.5,
								25.5,
								-4.75
							],
							"rotation": [
								10,
								-32.5,
								0
							],
							"uv": {
								"north": {
									"uv": [
										34,
										11
									],
									"uv_size": [
										-3,
										3
									]
								},
								"east": {
									"uv": [
										37,
										11
									],
									"uv_size": [
										-3,
										3
									]
								},
								"south": {
									"uv": [
										40,
										11
									],
									"uv_size": [
										-3,
										3
									]
								},
								"west": {
									"uv": [
										31,
										11
									],
									"uv_size": [
										-3,
										3
									]
								},
								"up": {
									"uv": [
										34,
										8
									],
									"uv_size": [
										-3,
										3
									]
								},
								"down": {
									"uv": [
										37,
										11
									],
									"uv_size": [
										-3,
										-3
									]
								}
							}
						}
					]
				},
				{
					"name": "jaw",
					"parent": "head",
					"pivot": [
						-2.5,
						25.5,
						-4.75
					],
					"cubes": [
						{
							"origin": [
								-2.5,
								20,
								-5.5
							],
							"size": [
								5,
								3,
								3
							],
							"uv": {
								"north": {
									"uv": [
										24,
										4
									],
									"uv_size": [
										5,
										3
									]
								},
								"east": {
									"uv": [
										21,
										4
									],
									"uv_size": [
										3,
										3
									]
								},
								"south": {
									"uv": [
										32,
										4
									],
									"uv_size": [
										5,
										3
									]
								},
								"west": {
									"uv": [
										29,
										4
									],
									"uv_size": [
										3,
										3
									]
								},
								"up": {
									"uv": [
										24,
										1
									],
									"uv_size": [
										5,
										3
									]
								},
								"down": {
									"uv": [
										29,
										4
									],
									"uv_size": [
										5,
										-3
									]
								}
							}
						}
					]
				},
				{
					"name": "wingL",
					"parent": "root",
					"pivot": [
						2,
						20,
						0
					],
					"cubes": [
						{
							"origin": [
								2,
								5,
								-2
							],
							"size": [
								0,
								22,
								10
							],
							"uv": {
								"north": {
									"uv": [
										10,
										42
									],
									"uv_size": [
										0,
										22
									]
								},
								"east": {
									"uv": [
										20,
										42
									],
									"uv_size": [
										10,
										22
									]
								},
								"south": {
									"uv": [
										20,
										42
									],
									"uv_size": [
										0,
										22
									]
								},
								"west": {
									"uv": [
										57,
										40
									],
									"uv_size": [
										7,
										0
									]
								},
								"up": {
									"uv": [
										64,
										41
									],
									"uv_size": [
										0,
										-6
									]
								},
								"down": {
									"uv": [
										10,
										42
									],
									"uv_size": [
										0,
										-10
									]
								}
							}
						}
					]
				},
				{
					"name": "wing2L",
					"parent": "wingL",
					"pivot": [
						2,
						20,
						8
					],
					"cubes": [
						{
							"origin": [
								2,
								5,
								8
							],
							"size": [
								0,
								22,
								10
							],
							"uv": {
								"north": {
									"uv": [
										10,
										42
									],
									"uv_size": [
										0,
										22
									]
								},
								"east": {
									"uv": [
										10,
										42
									],
									"uv_size": [
										10,
										22
									]
								},
								"south": {
									"uv": [
										20,
										42
									],
									"uv_size": [
										0,
										22
									]
								},
								"west": {
									"uv": [
										56,
										40
									],
									"uv_size": [
										7,
										0
									]
								},
								"up": {
									"uv": [
										64,
										41
									],
									"uv_size": [
										0,
										-6
									]
								},
								"down": {
									"uv": [
										10,
										42
									],
									"uv_size": [
										0,
										-10
									]
								}
							}
						}
					]
				},
				{
					"name": "wing3L",
					"parent": "wing2L",
					"pivot": [
						2,
						20,
						18
					],
					"cubes": [
						{
							"origin": [
								2,
								5,
								18
							],
							"size": [
								0,
								22,
								10
							],
							"uv": {
								"north": {
									"uv": [
										10,
										42
									],
									"uv_size": [
										0,
										22
									]
								},
								"east": {
									"uv": [
										0,
										42
									],
									"uv_size": [
										10,
										22
									]
								},
								"south": {
									"uv": [
										20,
										42
									],
									"uv_size": [
										0,
										22
									]
								},
								"west": {
									"uv": [
										56,
										40
									],
									"uv_size": [
										7,
										0
									]
								},
								"up": {
									"uv": [
										64,
										41
									],
									"uv_size": [
										0,
										-6
									]
								},
								"down": {
									"uv": [
										10,
										42
									],
									"uv_size": [
										0,
										-10
									]
								}
							}
						}
					]
				},
				{
					"name": "wingR",
					"parent": "root",
					"pivot": [
						-2,
						20,
						0
					],
					"cubes": [
						{
							"origin": [
								-2,
								5,
								-2
							],
							"size": [
								0,
								22,
								10
							],
							"uv": {
								"north": {
									"uv": [
										10,
										42
									],
									"uv_size": [
										0,
										22
									]
								},
								"east": {
									"uv": [
										64,
										40
									],
									"uv_size": [
										-7,
										0
									]
								},
								"south": {
									"uv": [
										20,
										42
									],
									"uv_size": [
										0,
										22
									]
								},
								"west": {
									"uv": [
										30,
										42
									],
									"uv_size": [
										-10,
										22
									]
								},
								"up": {
									"uv": [
										64,
										41
									],
									"uv_size": [
										0,
										-6
									]
								},
								"down": {
									"uv": [
										10,
										42
									],
									"uv_size": [
										0,
										-10
									]
								}
							}
						}
					]
				},
				{
					"name": "wing2R",
					"parent": "wingR",
					"pivot": [
						-2,
						20,
						8
					],
					"cubes": [
						{
							"origin": [
								-2,
								5,
								8
							],
							"size": [
								0,
								22,
								10
							],
							"uv": {
								"north": {
									"uv": [
										10,
										42
									],
									"uv_size": [
										0,
										22
									]
								},
								"east": {
									"uv": [
										63,
										40
									],
									"uv_size": [
										-7,
										0
									]
								},
								"south": {
									"uv": [
										20,
										42
									],
									"uv_size": [
										0,
										22
									]
								},
								"west": {
									"uv": [
										20,
										42
									],
									"uv_size": [
										-10,
										22
									]
								},
								"up": {
									"uv": [
										64,
										41
									],
									"uv_size": [
										0,
										-6
									]
								},
								"down": {
									"uv": [
										10,
										42
									],
									"uv_size": [
										0,
										-10
									]
								}
							}
						}
					]
				},
				{
					"name": "wing3R",
					"parent": "wing2R",
					"pivot": [
						-2,
						20,
						18
					],
					"cubes": [
						{
							"origin": [
								-2,
								5,
								18
							],
							"size": [
								0,
								22,
								10
							],
							"uv": {
								"north": {
									"uv": [
										10,
										42
									],
									"uv_size": [
										0,
										22
									]
								},
								"east": {
									"uv": [
										63,
										40
									],
									"uv_size": [
										-7,
										0
									]
								},
								"south": {
									"uv": [
										20,
										42
									],
									"uv_size": [
										0,
										22
									]
								},
								"west": {
									"uv": [
										10,
										42
									],
									"uv_size": [
										-10,
										22
									]
								},
								"up": {
									"uv": [
										64,
										41
									],
									"uv_size": [
										0,
										-6
									]
								},
								"down": {
									"uv": [
										10,
										42
									],
									"uv_size": [
										0,
										-10
									]
								}
							}
						}
					]
				}
			]
		}
	]
}