{
	"format_version": "1.12.0",
	"minecraft:geometry": [
		{
			"description": {
				"identifier": "geometry.scorpion",
				"texture_width": 32,
				"texture_height": 32,
				"visible_bounds_width": 3,
				"visible_bounds_height": 2.5,
				"visible_bounds_offset": [
					0,
					0.75,
					0
				]
			},
			"bones": [
				{
					"name": "root",
					"pivot": [
						0,
						2,
						2
					],
					"rotation": [
						-180,
						0,
						180
					],
					"cubes": [
						{
							"origin": [
								-2,
								1,
								2
							],
							"size": [
								4,
								2,
								4
							],
							"uv": [
								0,
								0
							]
						},
						{
							"origin": [
								-1.5,
								1,
								4
							],
							"size": [
								3,
								3,
								3
							],
							"uv": [
								0,
								16
							]
						}
					]
				},
				{
					"name": "butt",
					"parent": "root",
					"pivot": [
						0,
						3,
						2
					],
					"cubes": [
						{
							"origin": [
								-1.5,
								1,
								-1
							],
							"size": [
								3,
								2,
								3
							],
							"uv": [
								0,
								6
							]
						}
					]
				},
				{
					"name": "tail",
					"parent": "butt",
					"pivot": [
						0,
						3,
						-1
					],
					"cubes": [
						{
							"origin": [
								-1,
								1,
								-3
							],
							"size": [
								2,
								2,
								2
							],
							"uv": [
								0,
								11
							]
						}
					]
				},
				{
					"name": "tail1",
					"parent": "tail",
					"pivot": [
						0,
						3,
						-3
					],
					"cubes": [
						{
							"origin": [
								-1,
								1,
								-5
							],
							"size": [
								2,
								2,
								2
							],
							"uv": [
								0,
								11
							]
						}
					]
				},
				{
					"name": "tail2",
					"parent": "tail1",
					"pivot": [
						0,
						3,
						-5
					],
					"cubes": [
						{
							"origin": [
								-1,
								1,
								-7
							],
							"size": [
								2,
								2,
								2
							],
							"uv": [
								0,
								11
							]
						}
					]
				},
				{
					"name": "tail3",
					"parent": "tail2",
					"pivot": [
						0,
						3,
						-7
					],
					"cubes": [
						{
							"origin": [
								-1,
								1,
								-9
							],
							"size": [
								2,
								2,
								2
							],
							"uv": [
								0,
								11
							]
						},
						{
							"origin": [
								0,
								1,
								-11
							],
							"size": [
								0,
								3,
								2
							],
							"uv": [
								8,
								11
							]
						}
					]
				},
				{
					"name": "leg0",
					"parent": "root",
					"pivot": [
						-2,
						1.5,
						3
					],
					"cubes": [
						{
							"origin": [
								-6,
								0,
								4
							],
							"size": [
								4,
								3,
								0
							],
							"uv": [
								12,
								0
							]
						}
					]
				},
				{
					"name": "leg1",
					"parent": "root",
					"pivot": [
						-2,
						1.5,
						2.5
					],
					"cubes": [
						{
							"origin": [
								-6,
								0,
								2.5
							],
							"size": [
								4,
								3,
								0
							],
							"uv": [
								12,
								0
							]
						}
					]
				},
				{
					"name": "leg2",
					"parent": "root",
					"pivot": [
						-1.5,
						1.5,
						1
					],
					"cubes": [
						{
							"origin": [
								-5.5,
								0,
								1
							],
							"size": [
								4,
								3,
								0
							],
							"uv": [
								12,
								0
							]
						}
					]
				},
				{
					"name": "leg3",
					"parent": "root",
					"pivot": [
						2,
						1.5,
						3
					],
					"cubes": [
						{
							"origin": [
								2,
								0,
								4
							],
							"size": [
								4,
								3,
								0
							],
							"uv": [
								12,
								0
							],
							"mirror": true
						}
					]
				},
				{
					"name": "leg4",
					"parent": "root",
					"pivot": [
						2,
						1.5,
						2.5
					],
					"cubes": [
						{
							"origin": [
								2,
								0,
								2.5
							],
							"size": [
								4,
								3,
								0
							],
							"uv": [
								12,
								0
							],
							"mirror": true
						}
					]
				},
				{
					"name": "leg5",
					"parent": "root",
					"pivot": [
						1.5,
						1.5,
						1
					],
					"cubes": [
						{
							"origin": [
								1.5,
								0,
								1
							],
							"size": [
								4,
								3,
								0
							],
							"uv": [
								12,
								0
							],
							"mirror": true
						}
					]
				},
				{
					"name": "arm",
					"parent": "root",
					"pivot": [
						-2,
						2.5,
						6
					],
					"cubes": [
						{
							"origin": [
								-6,
								2,
								6
							],
							"size": [
								4,
								1,
								4
							],
							"uv": [
								12,
								4
							]
						}
					]
				},
				{
					"name": "claw",
					"parent": "arm",
					"pivot": [
						-5.5,
						2.5,
						8
					],
					"cubes": [
						{
							"origin": [
								-6,
								2.5,
								10
							],
							"size": [
								4,
								0,
								3
							],
							"uv": [
								17,
								0
							]
						},
						{
							"origin": [
								-6,
								1.5,
								8
							],
							"size": [
								3,
								2,
								3
							],
							"uv": [
								12,
								9
							]
						}
					]
				},
				{
					"name": "arm2",
					"parent": "root",
					"pivot": [
						2,
						2.5,
						6
					],
					"cubes": [
						{
							"origin": [
								2,
								2,
								6
							],
							"size": [
								4,
								1,
								4
							],
							"uv": [
								12,
								4
							],
							"mirror": true
						}
					]
				},
				{
					"name": "claw2",
					"parent": "arm2",
					"pivot": [
						5.5,
						2.5,
						8
					],
					"cubes": [
						{
							"origin": [
								2,
								2.5,
								10
							],
							"size": [
								4,
								0,
								3
							],
							"uv": [
								17,
								0
							],
							"mirror": true
						},
						{
							"origin": [
								3,
								1.5,
								8
							],
							"size": [
								3,
								2,
								3
							],
							"uv": [
								12,
								9
							],
							"mirror": true
						}
					]
				}
			]
		}
	]
}