{
	"format_version": "1.16.100",
	"minecraft:item": {
		"description": {
			"identifier": "bradmob:bugpin",
			"category": "equipment"
		},
		"components": {
			"minecraft:creative_category": {
				"parent": "itemGroup.name.sword"
			},
			"minecraft:max_stack_size": 1,
			"minecraft:hand_equipped": true,
			"minecraft:icon": {
				"texture": "bradmob_bugpin"
			},
			"minecraft:can_destroy_in_creative": false,
			"minecraft:weapon": {},
			"tag:minecraft:is_sword": {}
		}
	}
}