{
	"format_version": "1.16.100",
	"minecraft:item": {
		"description": {
			"identifier": "bradmob:eyebat_meat_raw",
			"category": "equipment"
		},
		"components": {
			"minecraft:use_duration": 1.6,
			"minecraft:food": {
				"nutrition": 4,
				"saturation_modifier": "poor"
			},
			"minecraft:icon": {
				"texture": "bradmob_eyebat_meat_raw"
			},
			"minecraft:use_animation": "eat",
			"minecraft:render_offsets": "apple",
			"minecraft:creative_category": {
				"parent": "itemGroup.name.miscFood"
			}
		}
	}
}