{
	"format_version": "1.16.100",
	"minecraft:item": {
		"description": {
			"identifier": "bradmob:eyebat_meat_cooked",
			"category": "equipment"
		},
		"components": {
			"minecraft:use_duration": 1.6,
			"minecraft:food": {
				"nutrition": 7,
				"saturation_modifier": "low"
			},
			"minecraft:icon": {
				"texture": "bradmob_eyebat_meat_cooked"
			},
			"minecraft:use_animation": "eat",
			"minecraft:render_offsets": "apple",
			"minecraft:creative_category": {
				"parent": "itemGroup.name.cookedFood"
			}
		}
	}
}